title,artist,album,year,genre,label,file_path,tempo,timbre
Music (Body Mix),Elgato,116 And Rising (Hessle Audio),2011,Bass,Hessle Audio,/mnt/d/MIR_music/Hessle/116 & Rising (HESCD001) [Compilation 2CD] (2011)/101-elgato--music_(body_mix)-cmc.mp3,80.74951171875,"-191.4258,37.66331,11.999463,36.0556,6.7171063,14.201671,-0.81429505,-0.7743065,-1.8191901,2.2785404,1.8468963,0.94205534,-4.224796,5.8581414,7.0149627,13.205144,5.7817435,2.0121796,-1.3590424,3.4088001"
Cool Story Bro,Untold,116 And Rising (Hessle Audio),2011,Bass,Hessle Audio,/mnt/d/MIR_music/Hessle/116 & Rising (HESCD001) [Compilation 2CD] (2011)/102-untold--cool_story_bro-cmc.mp3,129.19921875,"-140.3423,50.61985,2.5861566,9.440292,6.500138,11.325799,3.2711823,9.075151,0.22217336,6.14746,3.2507033,8.172687,2.8566952,6.136724,-0.21706009,4.434727,-2.0588322,0.8497223,-0.8586243,2.7167146"
Potchla Vee,Blawan,116 And Rising (Hessle Audio),2011,Bass,Hessle Audio,/mnt/d/MIR_music/Hessle/116 & Rising (HESCD001) [Compilation 2CD] (2011)/103-blawan--potchla_vee-cmc.mp3,92.28515625,"-117.54846,85.95557,18.44765,19.00961,6.3952713,13.839336,2.000016,1.3762311,-2.6207383,7.155535,1.0783621,7.6623588,2.4179974,3.2357972,-1.0713894,2.7145429,-6.0716977,2.6561253,-0.94616705,1.9108707"
Stifle,Pearson Sound,116 And Rising (Hessle Audio),2011,Bass,Hessle Audio,/mnt/d/MIR_music/Hessle/116 & Rising (HESCD001) [Compilation 2CD] (2011)/104-pearson_sound--stifle-cmc.mp3,129.19921875,"-162.59639,31.813488,12.293446,19.203798,2.5887203,21.025787,6.030582,5.3597145,6.539422,9.128276,4.288986,14.602152,-3.0822012,5.0273733,-2.0589206,11.704708,4.599508,15.131548,6.2294035,5.255181"
Twice,Joe,116 And Rising (Hessle Audio),2011,Bass,Hessle Audio,/mnt/d/MIR_music/Hessle/116 & Rising (HESCD001) [Compilation 2CD] (2011)/105-joe--twice-cmc.mp3,117.45383522727273,"-109.76435,72.26894,19.746553,-2.3594792,-1.8030602,2.5349567,-6.868069,-1.2450237,-0.9465653,-1.4589238,-3.6716857,7.6021023,-2.8601925,3.7983892,-2.1631818,2.5042455,-0.9694561,4.834581,-3.7840958,0.103265435"
Brunk,Randomer,116 And Rising (Hessle Audio),2011,Bass,Hessle Audio,/mnt/d/MIR_music/Hessle/116 & Rising (HESCD001) [Compilation 2CD] (2011)/106-randomer--brunk-cmc.mp3,135.99917763157896,"-157.64653,71.3122,-5.1026235,27.910728,4.3442664,20.105562,-0.7707048,6.26949,2.4942715,2.8142223,-2.7947102,7.139591,-3.370705,3.1200695,1.806188,1.4593288,0.5330029,1.6871967,-1.1145053,1.2997782"
Runout,Pangaea,116 And Rising (Hessle Audio),2011,Bass,Hessle Audio,/mnt/d/MIR_music/Hessle/116 & Rising (HESCD001) [Compilation 2CD] (2011)/107-pangaea--runout-cmc.mp3,135.99917763157896,"-79.098564,107.024506,-11.502656,34.68998,7.7077217,12.93378,1.4971987,7.214819,-1.713185,4.656718,-0.35200363,2.4922712,-2.0273802,3.3397646,-2.588767,1.5373405,-1.8452387,3.320043,0.27483007,3.5438764"
Bijoux,Cosmin TRG,116 And Rising (Hessle Audio),2011,Bass,Hessle Audio,/mnt/d/MIR_music/Hessle/116 & Rising (HESCD001) [Compilation 2CD] (2011)/108-cosmin_trg--bijoux-cmc.mp3,123.046875,"-112.93209,84.16109,16.777983,37.105656,-1.3029635,15.903895,1.3621631,13.457454,1.3539323,4.419326,-0.4357373,4.85932,-1.6415558,2.231736,1.4011606,7.1751294,0.57124305,4.8942037,1.5163827,3.7625978"
Sub Zero,D1,116 And Rising (Hessle Audio),2011,Bass,Hessle Audio,/mnt/d/MIR_music/Hessle/116 & Rising (HESCD001) [Compilation 2CD] (2011)/109-d1--sub_zero-cmc.mp3,92.28515625,"-152.28233,52.739,14.153701,17.62169,16.426807,29.0738,20.441034,18.691671,7.2087126,8.468169,2.443788,5.7458878,0.8499264,4.6348314,0.5607218,4.100413,0.25499207,2.8841116,0.24138728,4.6866536"
Fuk Tha 101,Addison Groove,116 And Rising (Hessle Audio),2011,Bass,Hessle Audio,/mnt/d/MIR_music/Hessle/116 & Rising (HESCD001) [Compilation 2CD] (2011)/110-addison_groove--fuk_tha_101-cmc.mp3,92.28515625,"-144.92978,102.605606,7.9252014,27.276958,17.098999,16.812403,5.00827,10.368399,-2.3076155,6.3301525,1.6480361,6.3494973,1.1148208,4.917711,3.8029213,5.080873,1.9170125,7.0941644,4.85079,6.9014826"
Give A Man A Rod (2nd Version),James Blake,116 And Rising (Hessle Audio),2011,Bass,Hessle Audio,/mnt/d/MIR_music/Hessle/116 & Rising (HESCD001) [Compilation 2CD] (2011)/111-james_blake--give_a_man_a_rod_(2nd_version)-cmc.mp3,92.28515625,"-211.1668,105.51773,28.411602,21.549313,13.67357,17.601479,9.680859,6.92184,1.6624502,7.563531,3.434307,1.5307583,-5.4910483,2.8980143,-0.22951506,-3.3483644,-1.1945865,1.5341178,-2.4171846,1.6587393"
Sun Dance,Peverelist,116 And Rising (Hessle Audio),2011,Bass,Hessle Audio,/mnt/d/MIR_music/Hessle/116 & Rising (HESCD001) [Compilation 2CD] (2011)/112-peverelist--sun_dance-cmc.mp3,129.19921875,"-142.13255,44.680656,17.877243,18.233871,-0.11487737,6.183226,-1.3703734,3.6558292,-2.2915812,1.8365747,1.9883177,3.4152765,0.33724222,5.8405757,13.439582,15.932401,11.185762,5.4450836,-5.661868,3.576168"
You And I,Pangaea,116 And Rising (Hessle Audio),2011,Bass,Hessle Audio,/mnt/d/MIR_music/Hessle/116 & Rising (HESCD001) [Compilation 2CD] (2011)/201-pangaea--you_and_i-cmc.mp3,135.99917763157896,"-233.07986,60.43305,32.51574,35.117443,24.251356,20.218815,4.9956756,13.071977,2.101824,8.288228,3.375347,9.964388,1.9968995,7.12028,0.6470362,5.4652195,2.1453612,3.3450556,-2.5074334,4.600569"
Test Signal,Untold,116 And Rising (Hessle Audio),2011,Bass,Hessle Audio,/mnt/d/MIR_music/Hessle/116 & Rising (HESCD001) [Compilation 2CD] (2011)/202-untold--test_signal-cmc.mp3,71.77734375,"-191.75418,87.95365,-21.06804,25.345545,13.169293,14.278884,4.289248,9.952414,8.596355,5.240105,3.437138,3.7455096,-2.956413,-3.775293,-1.8465066,3.4518058,-1.179923,-3.6642282,-3.699318,-0.33088234"
Fram,Blawan,116 And Rising (Hessle Audio),2011,Bass,Hessle Audio,/mnt/d/MIR_music/Hessle/116 & Rising (HESCD001) [Compilation 2CD] (2011)/203-blawan--fram-cmc.mp3,135.99917763157896,"-107.62782,90.902534,23.533937,17.112774,-9.235551,9.107096,4.055703,8.228712,1.0410287,9.725492,-0.86999035,4.69083,0.11510517,3.6840312,1.6165457,5.0325637,0.35532248,1.8005493,-1.3141671,0.6976512"
Buzzard And Kestrel,James Blake,116 And Rising (Hessle Audio),2011,Bass,Hessle Audio,/mnt/d/MIR_music/Hessle/116 & Rising (HESCD001) [Compilation 2CD] (2011)/204-james_blake--buzzard_and_kestrel-cmc.mp3,143.5546875,"-204.88283,52.48132,20.325743,17.410948,9.849678,4.7498946,-2.2849038,4.4139433,-4.7950783,2.8929234,-4.3977904,1.6505796,-6.1412354,4.979274,-6.444813,3.4486027,-1.6539359,3.9481957,-2.7541068,4.736364"
I Can't Stop This Feeling,Untold,116 And Rising (Hessle Audio),2011,Bass,Hessle Audio,/mnt/d/MIR_music/Hessle/116 & Rising (HESCD001) [Compilation 2CD] (2011)/205-untold--i_cant_stop_this_feeling-cmc.mp3,135.99917763157896,"-179.59525,71.24234,5.9660034,24.09584,7.379972,21.10396,7.1585016,14.592959,11.124097,12.852301,2.6110408,10.843292,3.209779,6.503609,7.128308,7.9762735,-0.484041,2.7145436,0.81422997,5.205507"
Rut,Joe,116 And Rising (Hessle Audio),2011,Bass,Hessle Audio,/mnt/d/MIR_music/Hessle/116 & Rising (HESCD001) [Compilation 2CD] (2011)/206-joe--rut-cmc.mp3,92.28515625,"-174.55304,29.268686,36.205532,24.118528,5.708459,20.153666,-3.3682492,9.757108,2.5593028,8.2696085,6.1404967,9.764746,1.3841559,1.3026643,0.44947836,1.2432257,-1.0981086,-0.5151696,1.8956382,-0.12572882"
Blimey,Ramadanman,116 And Rising (Hessle Audio),2011,Bass,Hessle Audio,/mnt/d/MIR_music/Hessle/116 & Rising (HESCD001) [Compilation 2CD] (2011)/207-ramadanman--blimey-cmc.mp3,92.28515625,"-290.79105,67.18141,25.281155,20.589712,10.90009,9.570093,4.3874664,6.6756787,-2.0931804,1.6609274,-0.58641183,4.3463106,-1.054683,0.37934443,-2.840368,-0.73144495,-2.9823332,-0.1040943,-4.635661,-2.1943727"
Put You Down,TRG,116 And Rising (Hessle Audio),2011,Bass,Hessle Audio,/mnt/d/MIR_music/Hessle/116 & Rising (HESCD001) [Compilation 2CD] (2011)/208-trg--put_you_down-cmc.mp3,92.28515625,"-133.24025,77.73392,13.812581,17.80937,9.518473,10.464817,-1.995122,4.5160503,4.7549624,6.0628304,1.5786593,5.6819825,5.367726,6.3124375,0.8230557,5.8962493,3.0264678,4.4316,2.71926,8.655616"
Level Crossing,Joe,116 And Rising (Hessle Audio),2011,Bass,Hessle Audio,/mnt/d/MIR_music/Hessle/116 & Rising (HESCD001) [Compilation 2CD] (2011)/209-joe--level_crossing-cmc.mp3,92.28515625,"-139.4558,62.19711,6.0605593,22.422878,4.9997363,19.09024,-4.3131127,7.074665,-5.373782,4.04497,2.2993302,5.296728,-0.5833697,3.070913,-0.3774137,4.0390825,3.793442,2.9786944,-0.75258636,0.6221056"
Why,Pangaea,116 And Rising (Hessle Audio),2011,Bass,Hessle Audio,/mnt/d/MIR_music/Hessle/116 & Rising (HESCD001) [Compilation 2CD] (2011)/210-pangaea--why-cmc.mp3,95.703125,"-126.902,90.78729,29.504229,33.9647,13.053052,20.211422,8.137373,13.640644,3.677438,11.704289,3.5887482,5.9792376,2.1597722,2.8827817,-0.9775193,3.9314272,-3.120217,3.5489373,-4.236266,3.6495953"
Broken Heart (Martyn's DCM Remix),TRG,116 And Rising (Hessle Audio),2011,Bass,Hessle Audio,/mnt/d/MIR_music/Hessle/116 & Rising (HESCD001) [Compilation 2CD] (2011)/211-trg--broken_heart_(martyns_dcm_remix)-cmc.mp3,135.99917763157896,"-64.61742,76.48885,13.154858,17.66703,-12.987894,7.125227,-4.662139,7.5131655,-2.1041884,4.468879,-0.28931868,7.33477,1.2178597,0.9838609,-2.0930624,1.1582286,-4.7714047,-3.0992918,-6.751512,6.555914"
Don't Change For Me,Ramadanman,116 And Rising (Hessle Audio),2011,Bass,Hessle Audio,/mnt/d/MIR_music/Hessle/116 & Rising (HESCD001) [Compilation 2CD] (2011)/212-ramadanman--dont_change_for_me-cmc.mp3,92.28515625,"-126.481606,57.822758,5.975833,15.175974,-4.6628633,1.4141667,-1.1900365,0.34848922,-6.8663316,1.0206527,-7.605548,1.768417,-9.753061,-0.28800458,-8.507629,1.218614,-3.8510046,1.6478995,-4.520265,2.0132635"
Dust March,Bandshell ,Dust March EP,2012,,Hessle Audio,"/mnt/d/MIR_music/Hessle/Bandshell - Dust March EP (HES021,v0)/01 - Bandshell - Dust March.mp3",107.666015625,"-196.58023,99.63617,6.7855678,15.925944,16.733107,16.120611,11.708916,11.840296,4.3937445,9.348774,9.326118,10.993657,5.8585343,2.3165164,-1.3817495,9.492052,7.313067,2.9523704,-1.4856147,3.302296"
Rise Em,Bandshell ,Dust March EP,2012,,Hessle Audio,"/mnt/d/MIR_music/Hessle/Bandshell - Dust March EP (HES021,v0)/02 - Bandshell - Rise Em.mp3",103.359375,"-109.445915,34.860847,-6.4969606,16.867832,-3.6252089,13.902198,-1.9874362,6.0216465,1.3522426,7.1752124,-1.0516512,-2.5964384,-5.093804,3.7272093,-3.333035,4.410089,-5.238562,5.9513392,-1.0471529,9.789135"
Metzger,Bandshell ,Dust March EP,2012,,Hessle Audio,"/mnt/d/MIR_music/Hessle/Bandshell - Dust March EP (HES021,v0)/03 - Bandshell - Metzger.mp3",103.359375,"-237.50484,93.45157,30.2539,46.906353,7.678861,21.77237,3.2522523,20.049166,-0.7450416,13.54606,9.131839,6.629388,3.6332502,-1.3443776,1.9861133,2.8808932,6.6952205,3.524643,-0.55810165,3.615404"
Dog Sweater,Bandshell ,Dust March EP,2012,,Hessle Audio,"/mnt/d/MIR_music/Hessle/Bandshell - Dust March EP (HES021,v0)/04 - Bandshell - Dog Sweater.mp3",129.19921875,"-176.04208,55.198196,-5.150124,22.860899,7.2087274,24.993858,-3.1028092,15.393329,-10.855488,7.777194,9.589034,13.243302,4.557722,-5.868412,-1.1827385,3.3654826,4.0164065,2.2317393,-2.077415,2.2920551"
Marius,Batu,Marius EP,2017,Other,Hessle Audio,/mnt/d/MIR_music/Hessle/Batu - Marius EP [HES030]/01 Marius.mp3,123.046875,"-149.16438,75.90924,0.51778024,1.2808814,8.669686,10.304654,-6.0056252,10.163764,8.210788,14.342488,3.2657611,4.482589,-0.7774822,5.070313,-0.14534388,4.4747148,2.107449,6.94173,3.2172174,0.8473632"
Off Court,Batu,Marius EP,2017,Other,Hessle Audio,/mnt/d/MIR_music/Hessle/Batu - Marius EP [HES030]/02 Off Court.mp3,123.046875,"-154.00932,82.53398,28.340384,17.777485,7.406669,17.913944,-1.8960446,4.8254824,3.116416,10.500588,11.061164,9.7157545,8.402085,3.6212077,1.6875247,5.8030972,0.59186757,10.429283,4.080612,5.638842"
Nosema,Batu,Marius EP,2017,Other,Hessle Audio,/mnt/d/MIR_music/Hessle/Batu - Marius EP [HES030]/03 Nosema.mp3,129.19921875,"-183.47359,115.338806,26.620092,25.781744,17.654219,9.47574,3.0519335,5.9381022,-4.643221,-3.9293365,-1.298805,1.2085391,-1.1719497,0.98384506,-0.44720277,1.7981992,-1.6004156,2.0733988,1.4100469,2.4613183"
Don't,Batu,Marius EP,2017,Other,Hessle Audio,/mnt/d/MIR_music/Hessle/Batu - Marius EP [HES030]/04 Don't.mp3,112.34714673913044,"-188.98372,108.65246,-9.648239,6.4070005,-15.332806,-6.30962,-14.056628,-3.5849278,-11.84137,-5.7119446,-13.502513,-6.8242006,-14.084869,-10.861802,-13.662127,-8.931197,-9.173056,-2.8156152,-5.3611703,1.3512897"
Inkjet,Beatrice Dillon & Call Super,Inkjet / Fluo,2017,House,Hessle Audio,/mnt/d/MIR_music/Hessle/Beatrice_Dillon_and_Call_Super-Inkjet_-_Fluo-(HES031)-WEB-2017-USR/01-beatrice_dillon_and_call_super-inkjet.mp3,129.19921875,"-125.31168,52.155407,16.452324,18.151403,16.3159,12.582442,15.65604,15.404112,9.698157,11.833358,5.605305,8.101469,1.6499656,9.212463,2.2999308,5.8129597,-0.9877526,6.600139,0.2604606,4.1878695"
Fluo,Beatrice Dillon & Call Super,Inkjet / Fluo,2017,House,Hessle Audio,/mnt/d/MIR_music/Hessle/Beatrice_Dillon_and_Call_Super-Inkjet_-_Fluo-(HES031)-WEB-2017-USR/02-beatrice_dillon_and_call_super-fluo.mp3,129.19921875,"-157.41124,58.90712,23.775063,28.107843,15.0585375,23.952475,10.960856,8.8457365,7.243352,8.909051,1.019736,6.453841,-0.33674613,1.6351511,-2.3244855,1.3790972,-2.1047134,0.5645888,-0.9194838,-3.0611775"
Fram,Blawan,Fram / Iddy,2010,Drum & Bass,Hessle Audio,/mnt/d/MIR_music/Hessle/Blawan - Fram + Iddy [HES013]/01 Fram.mp3,135.99917763157896,"-108.45647,91.31889,23.468773,17.226395,-9.285357,9.1019535,4.027129,8.250927,1.0515519,9.744894,-0.89635277,4.6985927,0.11042089,3.682366,1.6065364,5.0447197,0.3674509,1.786646,-1.3178433,0.6937354"
Iddy,Blawan,Fram / Iddy,2010,Drum & Bass,Hessle Audio,/mnt/d/MIR_music/Hessle/Blawan - Fram + Iddy [HES013]/02 Iddy.mp3,135.99917763157896,"-85.22859,75.41128,8.880656,30.489103,-2.7509115,18.541899,-6.4287963,8.505882,0.2085345,5.414661,2.3428361,5.284553,-3.7592144,3.1413698,-0.27935228,3.3262877,-2.0848308,2.5323987,-0.96697605,0.6729295"
Not Stochastic,Bruce,Not Stochastic,2014,TECHNO / HOUSE,Hessle Audio,/mnt/d/MIR_music/Hessle/Bruce - 2014 - Not Stochastic [HES027]/01 - Bruce - Not Stochastic.mp3,135.99917763157896,"-109.47413,53.58837,-1.7333772,28.422447,-8.468565,15.697666,-14.199485,7.5250726,0.59211415,21.678291,13.242355,26.769938,15.747597,14.352952,3.1371891,1.6067941,-5.036723,9.095999,1.1275308,3.895914"
Trip,Bruce,Not Stochastic,2014,TECHNO / HOUSE,Hessle Audio,/mnt/d/MIR_music/Hessle/Bruce - 2014 - Not Stochastic [HES027]/02 - Bruce - Trip.mp3,78.30255681818181,"-331.4943,111.321106,22.013113,34.919193,4.6606736,18.876133,2.176848,-0.24138087,8.359003,-7.244429,-7.285417,0.62353957,2.6046405,1.8790029,8.096984,6.0269117,-4.6796827,-4.5406833,-3.2252412,-3.0680351"
My Legs Wouldn't Go Quick Enough,Bruce,Not Stochastic,2014,TECHNO / HOUSE,Hessle Audio,/mnt/d/MIR_music/Hessle/Bruce - 2014 - Not Stochastic [HES027]/03 - Bruce - My Legs Wouldn't Go Quick Enough.mp3,129.19921875,"-275.54938,98.47866,39.855186,21.933262,15.919068,23.012003,7.758715,9.773353,3.984978,8.941088,3.8416107,5.796097,0.37937304,7.403109,3.5775082,3.4881456,-1.3457577,1.3469592,1.3240508,2.15846"
Elo,Bruce,Sonder Somatic,2018-10-26,Танцевальная музыка,Hessle Audio,/mnt/d/MIR_music/Hessle/Bruce - Sonder Somatic/1-01 Elo.mp3,123.046875,"-130.25671,80.643936,24.243725,17.85222,4.542713,12.931984,1.7543927,11.728568,-4.191607,10.350714,-0.48572934,9.669816,-1.9938895,3.5138378,-1.8420683,3.0111933,1.4937341,2.6859465,3.0517519,4.2367797"
Cacao,Bruce,Sonder Somatic,2018-10-26,Танцевальная музыка,Hessle Audio,/mnt/d/MIR_music/Hessle/Bruce - Sonder Somatic/1-02 Cacao.mp3,117.45383522727273,"-193.34918,93.19607,46.903957,43.98413,28.765991,22.601685,16.952877,18.566986,5.2328377,8.865452,4.5285487,12.119251,3.5833337,4.709621,5.533874,5.5940123,2.694014,4.3563027,5.2358327,1.723227"
Ore,Bruce,Sonder Somatic,2018-10-26,Танцевальная музыка,Hessle Audio,/mnt/d/MIR_music/Hessle/Bruce - Sonder Somatic/1-03 Ore.mp3,89.10290948275862,"-207.68839,107.27587,9.312197,15.625733,13.827276,13.977827,12.278942,10.763685,6.743441,10.149938,4.3731256,5.7637696,6.6503296,5.7064133,6.3583965,5.759325,7.4408364,4.4540477,-0.67859584,2.2890074"
Meek,Bruce,Sonder Somatic,2018-10-26,Танцевальная музыка,Hessle Audio,/mnt/d/MIR_music/Hessle/Bruce - Sonder Somatic/1-04 Meek.mp3,123.046875,"-155.1825,62.128353,22.676659,28.930199,22.25554,16.253838,7.7097926,13.395769,9.473501,4.568561,9.815766,9.136644,7.3320475,7.923503,-2.4073067,4.4243703,-6.3894176,0.3615779,-2.4592419,5.3258677"
Torn,Bruce,Sonder Somatic,2018-10-26,Танцевальная музыка,Hessle Audio,/mnt/d/MIR_music/Hessle/Bruce - Sonder Somatic/1-05 Torn.mp3,86.1328125,"-213.31868,109.38599,-1.061702,1.9385148,-7.8378673,6.6459813,2.1790738,2.214851,-3.686836,-0.8332062,-6.5345902,-1.2792827,-4.7825346,-1.0750201,-2.0195637,-2.673876,-2.5649595,1.4145663,-1.4193691,0.48206523"
What,Bruce,Sonder Somatic,2018-10-26,Танцевальная музыка,Hessle Audio,/mnt/d/MIR_music/Hessle/Bruce - Sonder Somatic/1-06 What.mp3,129.19921875,"-82.92145,87.50299,-8.500695,14.665387,8.633286,17.116182,8.594556,10.662135,7.3679233,8.46175,-0.58605695,8.619397,11.9845495,11.636113,5.3422804,9.110128,1.3075703,-0.74366504,-2.5766392,4.7922807"
Baychimo,Bruce,Sonder Somatic,2018-10-26,Танцевальная музыка,Hessle Audio,/mnt/d/MIR_music/Hessle/Bruce - Sonder Somatic/1-07 Baychimo.mp3,112.34714673913044,"-179.09021,74.50962,20.438,36.594025,13.941351,18.676607,13.609756,12.342345,8.246693,13.34116,5.5039654,2.7215047,1.1988429,3.7032256,-0.11116538,1.4616045,-1.7939363,-0.35480177,-1.4481184,-0.16690345"
Patience St Pim,Bruce,Sonder Somatic,2018-10-26,Танцевальная музыка,Hessle Audio,/mnt/d/MIR_music/Hessle/Bruce - Sonder Somatic/1-08 Patience St Pim.mp3,112.34714673913044,"-157.29002,84.223694,15.419971,21.241245,-9.937409,6.2020845,-2.3150992,10.8124695,1.3625368,9.901517,5.0591035,7.3449793,2.8506815,6.8049726,-1.4750155,1.9363844,0.3779815,0.491738,-2.6422715,2.4064841"
It'll Pass,Bruce,Sonder Somatic,2018-10-26,Танцевальная музыка,Hessle Audio,/mnt/d/MIR_music/Hessle/Bruce - Sonder Somatic/1-09 It'll Pass.mp3,135.99917763157896,"-184.87337,61.070953,4.826126,32.299778,14.128744,15.138888,1.9838464,14.183693,9.123588,7.2871423,0.9293572,8.442378,2.8382912,4.465184,1.0851617,4.88428,-0.37587368,5.802818,5.8915234,0.026844708"
Æon,Bruce,Sonder Somatic,2018-10-26,Танцевальная музыка,Hessle Audio,/mnt/d/MIR_music/Hessle/Bruce - Sonder Somatic/1-10 Æon.mp3,123.046875,"-155.01122,101.39731,11.798729,14.063511,-0.68309426,0.39748636,-0.8622416,-6.1907454,-8.224173,-4.0834107,-5.9266543,-3.3002815,0.38943133,-4.508221,1.1705413,-2.0990722,-0.5623917,3.6736512,2.7646403,4.3876004"
Serotonin Levels Low,Bruce,Sonder Somatic,2018-10-26,Танцевальная музыка,Hessle Audio,/mnt/d/MIR_music/Hessle/Bruce - Sonder Somatic/1-11 Serotonin Levels Low.mp3,89.10290948275862,"-222.13643,86.17678,24.508457,28.140545,21.832716,21.16687,8.959818,12.763412,1.5144372,7.0536623,3.752446,4.962914,2.109853,6.1183195,1.5541989,3.5465424,1.7557606,0.40572727,-4.2076626,-2.3301349"
Steals,Bruce,Steals,2016,Bass,Hessle Audio,/mnt/d/MIR_music/Hessle/Bruce--Steals-(HES029)-WEB-2016-WUS/01-bruce--steals-wus.mp3,123.046875,"-144.72458,93.30711,40.571346,8.211691,18.758205,9.305416,6.7890773,1.2355418,4.8523746,2.8119776,-0.2987953,7.800725,-2.917945,4.9307218,0.040595956,6.0504475,-3.897893,2.4105015,-2.7770815,1.6299607"
Relevant Again,Bruce,Steals,2016,Bass,Hessle Audio,/mnt/d/MIR_music/Hessle/Bruce--Steals-(HES029)-WEB-2016-WUS/02-bruce--relevant_again-wus.mp3,103.359375,"-216.70996,107.467804,52.08194,44.522827,26.082708,21.205517,14.723057,8.015072,10.145197,6.542728,1.8103693,7.161889,0.7399806,4.0333347,1.2033033,-1.1348335,-1.9619367,1.6471936,-0.95839125,1.5831937"
Petal Pluck,Bruce,Steals,2016,Bass,Hessle Audio,/mnt/d/MIR_music/Hessle/Bruce--Steals-(HES029)-WEB-2016-WUS/03-bruce--petal_pluck-wus.mp3,83.35433467741936,"-357.6511,98.699814,83.02839,44.089886,28.77663,8.909108,0.060732488,6.662214,9.542138,8.617638,1.6654384,0.7538223,-3.8750453,0.8995051,0.8211991,3.8348172,2.0129158,2.6220796,0.21227871,2.9583914"
Tonight,Elgato,Tonight / Blue,2010,Dubstep,Hessle Audio,/mnt/d/MIR_music/Hessle/Elgato - 2010 - Tonight  Blue [HES015]/01 Tonight.mp3,172.265625,"-221.1244,96.42922,2.6916642,24.34259,6.6388535,4.6603265,1.7189282,7.4791207,6.564434,7.9253945,-1.7597935,0.9125129,-2.1699386,-3.5043104,-1.1367959,3.159134,0.08988514,7.967273,1.7626384,4.3117743"
Blue,Elgato,Tonight / Blue,2010,Dubstep,Hessle Audio,/mnt/d/MIR_music/Hessle/Elgato - 2010 - Tonight  Blue [HES015]/02 Blue.mp3,123.046875,"-233.02962,31.991306,15.245477,35.290524,28.02438,15.510108,17.45548,11.180284,13.210563,11.784623,-2.5770516,1.2612835,1.6495318,8.573025,0.38340038,4.8641796,0.6636592,0.39961502,4.615398,5.716678"
Zone,Elgato,Zone / Luv Zombie,2012,,Hessle Audio,/mnt/d/MIR_music/Hessle/Elgato - HES020 Zone  Luv Zombie/01 Zone.mp3,117.45383522727273,"-289.2532,66.22346,30.076263,16.104355,12.140337,23.326385,10.022147,25.780432,21.11598,18.256552,8.5430765,3.7385716,5.4926577,10.801606,4.903096,6.5670857,5.5425835,3.4626143,4.3986845,1.8524691"
Luv Zombie,Elgato,Zone / Luv Zombie,2012,,Hessle Audio,/mnt/d/MIR_music/Hessle/Elgato - HES020 Zone  Luv Zombie/02 Luv Zombie.mp3,86.1328125,"-241.13754,67.69728,21.233503,45.73426,18.79815,15.942639,13.448885,3.466638,5.5674353,4.5961866,-2.6563241,0.5802233,-2.785881,5.287921,1.3507516,6.4435515,3.803361,3.3599513,-1.0104551,2.9196177"
The Bells Sketch,James Blake,The Bells Sketch,2010,Dance,Hessle Audio,/mnt/d/MIR_music/Hessle/James Blake - The Bells Sketch [HES011]/01 James Blake - The Bells Sketch.mp3,143.5546875,"-140.17677,108.94923,3.3024158,26.357683,5.4304624,11.975771,6.9812436,4.5623326,-1.9047796,0.8181869,-1.9633684,0.7094382,-0.9475487,1.2548864,-1.8033168,-0.10453272,-2.1064267,-0.38126177,-2.040118,-0.351064"
Buzzard & Kestrel,James Blake,The Bells Sketch,2010,Dance,Hessle Audio,/mnt/d/MIR_music/Hessle/James Blake - The Bells Sketch [HES011]/02 James Blake - Buzzard & Kestrel.mp3,143.5546875,"-203.99615,52.764103,20.42437,17.52988,9.90904,4.7359157,-2.2982843,4.390746,-4.782823,2.922398,-4.4163756,1.6559653,-6.1749187,5.0092087,-6.4615655,3.475914,-1.6605228,3.9758618,-2.7484748,4.759296"
Give A Man A Rod,James Blake,The Bells Sketch,2010,Dance,Hessle Audio,/mnt/d/MIR_music/Hessle/James Blake - The Bells Sketch [HES011]/03 James Blake - Give A Man A Rod.mp3,143.5546875,"-225.94304,94.35489,29.266066,22.085861,5.9209595,6.110351,-0.6114911,0.9164016,-1.2605174,5.2088966,1.1937708,2.1158438,-4.9664645,-1.0617337,-2.1262674,-1.1392106,-2.8567886,-1.0042318,-3.9705226,-1.6340181"
Grimelight,Joe,Grimelight / Rut,2009,Dubstep,Hessle Audio,/mnt/d/MIR_music/Hessle/Joe - Grimelight [HES007]/01 Grimelight.mp3,69.83741554054055,"-174.36993,70.33397,2.358888,17.919445,3.3258114,14.804472,7.44359,12.098642,2.2143905,7.1884065,3.289576,5.513535,2.8485198,4.883108,0.8795997,3.4446836,2.1753721,3.0855703,-1.4754922,2.1986973"
Rut,Joe,Grimelight / Rut,2009,Dubstep,Hessle Audio,/mnt/d/MIR_music/Hessle/Joe - Grimelight [HES007]/02 Rut.mp3,92.28515625,"-173.19714,29.7701,36.565186,24.38588,5.7764926,20.209894,-3.3609834,9.8016405,2.567387,8.301502,6.160038,9.788525,1.4092994,1.3626614,0.5197568,1.3054177,-1.0476004,-0.48429507,1.938796,-0.122427344"
Slope,Joe,Slope,2013,Bass Music,Hessle Audio,/mnt/d/MIR_music/Hessle/Joe - Slope Maximum Busy Muscle [HES025]/01_Slope.mp3,123.046875,"-122.1116,77.17647,-7.4113803,28.467846,-0.8621369,14.699058,-7.107895,8.606403,1.7969756,1.2763973,0.14359589,-4.849543,-3.9545753,4.1213717,1.7249105,14.014509,7.725732,-0.42469838,-2.6722667,-4.044043"
Maximum Busy Muscle,Joe,Slope,2013,Bass Music,Hessle Audio,/mnt/d/MIR_music/Hessle/Joe - Slope Maximum Busy Muscle [HES025]/02_Maximum Busy Muscle.mp3,135.99917763157896,"-68.61551,74.96796,13.119249,25.716702,10.273309,18.032293,8.820541,11.758966,3.689051,9.045503,3.7502675,9.003614,1.6934904,7.618993,0.9831083,6.4324503,0.6906743,2.4949937,-0.10195308,0.5273928"
Claptrap,Joe,Claptrap / Level Crossing (HES014),2010,Bass,Hessle Audio,/mnt/d/MIR_music/Hessle/Joe- [HES014] Claptrap_&_Level_Crossing/01-joe-claptrap-def.mp3,135.99917763157896,"-118.00373,70.45633,-25.387383,8.13917,1.4401513,2.869054,-8.175233,7.093608,-1.4771321,2.131203,-0.6737717,2.1670156,-1.0128475,0.45002756,-3.8533723,2.5374095,-1.3509092,0.51411194,-1.4754989,2.8333724"
Level Crossing,Joe,Claptrap / Level Crossing (HES014),2010,Bass,Hessle Audio,/mnt/d/MIR_music/Hessle/Joe- [HES014] Claptrap_&_Level_Crossing/02-joe-level_crossing-def.mp3,92.28515625,"-137.75609,62.518486,6.070494,22.595041,5.0449724,19.17324,-4.3378153,7.109466,-5.3997636,4.0587873,2.3061838,5.33266,-0.5878635,3.083091,-0.37719825,4.0685887,3.8154838,2.9985216,-0.75386906,0.618585"
Fire Kit,Laksa,Fire Kit EP,2020,"Grime, FWD, Jungle, Footwork",Hessle Audio,"/mnt/d/MIR_music/Hessle/Laksa - Fire Kit EP - (2020, HES039]/01 - Fire Kit.mp3",129.19921875,"-128.67426,98.523125,0.9044666,14.388783,14.246992,17.7021,7.9621696,11.809142,5.1821775,8.026968,3.4875162,6.6114416,2.4891825,4.9171777,1.7302319,5.126519,1.0945542,2.2202463,-0.2301978,4.398768"
Belly Brocka,Laksa,Fire Kit EP,2020,"Grime, FWD, Jungle, Footwork",Hessle Audio,"/mnt/d/MIR_music/Hessle/Laksa - Fire Kit EP - (2020, HES039]/02 - Belly Brocka.mp3",143.5546875,"-91.05455,63.649338,-0.09172464,13.011723,6.503552,13.111428,0.068278015,8.257743,-2.394693,8.976761,-1.580054,8.097756,-0.16520129,2.665262,-1.1228822,5.168835,-0.95729125,4.0718193,-2.2815814,4.0326576"
T's Tent,Laksa,Fire Kit EP,2020,"Grime, FWD, Jungle, Footwork",Hessle Audio,"/mnt/d/MIR_music/Hessle/Laksa - Fire Kit EP - (2020, HES039]/03 - T's Tent.mp3",151.99908088235293,"-109.122444,111.3217,4.8416085,16.416344,4.49211,12.564532,4.438087,8.001934,4.7169943,8.811276,1.9520098,6.740243,0.3011036,3.7811258,0.043836456,5.844826,3.2177596,7.3168883,0.8586454,5.1852136"
Cactus,Objekt,,2010,UK Funky,Hessle Audio,/mnt/d/MIR_music/Hessle/Objekt - Cactus [HES019]/Cactus.mp3,123.046875,"-174.27951,64.06291,18.344448,26.275297,13.490411,18.215336,10.792608,15.171292,3.2001116,8.617997,1.3674576,4.16775,0.85529566,4.1808405,3.0245395,4.692821,0.30560315,3.8855178,-0.1370824,3.6443534"
Why,Pangaea,Pangaea EP,2010,Dubstep,Hessle Audio,/mnt/d/MIR_music/Hessle/Pangaea - 2010 - Pangaea EP (HES010)/01 - Why.mp3,95.703125,"-126.23878,90.843925,29.569462,34.13184,13.047833,20.252571,8.124394,13.658301,3.6958306,11.737912,3.5761273,5.9957547,2.157431,2.9005136,-0.99511224,3.9545205,-3.1296673,3.556966,-4.2569838,3.6666594"
Sunset Yellow,Pangaea,Pangaea EP,2010,Dubstep,Hessle Audio,/mnt/d/MIR_music/Hessle/Pangaea - 2010 - Pangaea EP (HES010)/02 - Sunset Yellow.mp3,67.99958881578948,"-158.68886,101.08033,16.442139,18.761288,1.8411732,12.426501,1.0757332,4.53261,-5.497583,4.652752,-5.88464,0.2766697,-2.6122139,1.5408148,-4.33604,2.3591852,-0.97307795,1.2657633,-3.974912,0.2032362"
5-HTP,Pangaea,Pangaea EP,2010,Dubstep,Hessle Audio,/mnt/d/MIR_music/Hessle/Pangaea - 2010 - Pangaea EP (HES010)/03 - 5-HTP.mp3,92.28515625,"-199.99623,111.305695,16.311167,19.641722,-4.1686177,5.0729375,0.007895613,5.055247,3.0656374,1.7052368,-2.639189,4.4639893,2.5940778,3.3107834,1.4715265,3.8443258,-0.28246406,-1.2542472,-5.3416977,-0.58371425"
Neurons,Pangaea,Pangaea EP,2010,Dubstep,Hessle Audio,/mnt/d/MIR_music/Hessle/Pangaea - 2010 - Pangaea EP (HES010)/04 - Neurons.mp3,92.28515625,"-144.67639,117.542,1.6770974,23.631544,6.220639,13.479355,3.3370843,11.237238,3.0316257,8.027091,-1.8084713,-0.019070674,-3.194241,-1.0169923,-2.6140702,-0.090804815,1.1822011,2.73966,-1.8920768,-1.2203583"
Dead Living,Pangaea,Pangaea EP,2010,Dubstep,Hessle Audio,/mnt/d/MIR_music/Hessle/Pangaea - 2010 - Pangaea EP (HES010)/05 - Dead Living.mp3,69.83741554054055,"-158.4425,106.85213,17.774115,27.356218,3.71747,14.40856,3.758899,10.146835,5.1318154,9.46161,2.5757353,5.351844,0.60149896,2.7671208,0.8230036,4.5324945,-0.2860762,3.5574431,1.1729908,3.0463803"
Because Of You,Pangaea,Pangaea EP,2010,Dubstep,Hessle Audio,/mnt/d/MIR_music/Hessle/Pangaea - 2010 - Pangaea EP (HES010)/06 - Because Of You.mp3,92.28515625,"-246.00658,104.76315,31.026674,47.854538,22.283485,22.319492,10.6206045,12.376744,0.8140321,6.45666,0.21740378,6.0724454,-0.028341986,1.0158267,-5.19939,-0.7071862,-2.4270477,-0.70618546,-2.681158,2.2090619"
Bone Sucka,Pangaea,Bone Sucka / Proxy,2018,Dubstep,Hessle Audio,/mnt/d/MIR_music/Hessle/Pangaea - Bone Sucka Proxy (2018) [HES033]/01_Bone Sucka.mp3,83.35433467741936,"-55.464775,34.80799,-0.27696118,24.035606,11.722858,17.334158,4.5255985,10.375908,3.5880108,15.147745,1.3645699,8.621902,0.046389673,5.4898376,4.607511,5.3806367,1.231507,3.5074446,-2.2715666,7.365002"
Proxy,Pangaea,Bone Sucka / Proxy,2018,Dubstep,Hessle Audio,/mnt/d/MIR_music/Hessle/Pangaea - Bone Sucka Proxy (2018) [HES033]/02_Proxy.mp3,123.046875,"-148.39488,91.27203,9.350153,47.1805,17.479265,16.337626,9.722131,11.786829,2.4667652,10.594943,0.4278443,9.816345,4.7748647,6.816457,4.834601,3.9490871,0.21458697,0.92494774,2.4543972,7.3747373"
Installation,Pangaea,Changing Channels,2023-10-06,,Hessle Audio,/mnt/d/MIR_music/Hessle/Pangaea - Changing Channels [HESLP005]/01_Installation.mp3,129.19921875,"-73.592575,50.33309,31.013763,34.83329,9.985355,17.436817,8.796198,11.217025,3.6344745,7.956074,1.985937,7.8956256,1.5079308,6.474532,-0.7761254,1.6949612,-0.72087115,2.2629833,0.43596324,7.3719177"
Hole Away,Pangaea,Changing Channels,2023-10-06,,Hessle Audio,/mnt/d/MIR_music/Hessle/Pangaea - Changing Channels [HESLP005]/02_Hole Away.mp3,123.046875,"-66.636375,41.561802,11.540249,20.261845,3.146343,16.051247,3.9738054,17.19938,9.339108,14.936141,6.2222285,9.054786,2.9799058,7.351229,6.152079,7.3047132,1.0226319,4.0204625,0.31239703,5.421595"
If,Pangaea,Changing Channels,2023-10-06,,Hessle Audio,/mnt/d/MIR_music/Hessle/Pangaea - Changing Channels [HESLP005]/03_If.mp3,107.666015625,"-27.08177,40.716732,5.5975285,21.20111,9.804496,14.282546,8.3622,10.474451,7.3860254,11.0270605,2.014698,6.13028,0.5270316,2.1280956,-2.6412349,1.1190796,-2.943319,1.2606481,-2.918365,1.1103349"
The Slip,Pangaea,Changing Channels,2023-10-06,,Hessle Audio,/mnt/d/MIR_music/Hessle/Pangaea - Changing Channels [HESLP005]/04_The Slip.mp3,135.99917763157896,"-70.68367,37.428177,18.682629,23.881447,10.684782,25.351416,11.5044985,13.765721,12.919416,10.775106,10.616423,8.052822,1.4356424,2.5697553,2.0545745,1.6507636,-0.0688396,2.8085973,-0.6698521,-0.630948"
Changing Channels,Pangaea,Changing Channels,2023-10-06,,Hessle Audio,/mnt/d/MIR_music/Hessle/Pangaea - Changing Channels [HESLP005]/05_Changing Channels.mp3,89.10290948275862,"-71.29179,55.91063,21.547512,20.277496,12.934772,14.448461,0.28944704,7.0009995,5.1531253,6.576357,0.19446078,8.879609,5.3652587,7.894287,1.4101019,4.722025,1.6526262,4.1570373,1.0654315,3.6482499"
Squid,Pangaea,Changing Channels,2023-10-06,,Hessle Audio,/mnt/d/MIR_music/Hessle/Pangaea - Changing Channels [HESLP005]/06_Squid.mp3,135.99917763157896,"-113.59251,94.966866,7.9379287,24.041563,8.894483,16.046642,8.247336,10.308543,1.3794974,5.792832,-0.626728,2.420109,1.6892549,3.566296,-0.55258745,2.7730703,0.029350389,4.1770782,-1.0574412,2.2422702"
Bad Lines,Pangaea,Changing Channels,2023-10-06,,Hessle Audio,/mnt/d/MIR_music/Hessle/Pangaea - Changing Channels [HESLP005]/07_Bad Lines.mp3,80.74951171875,"-36.273853,54.320267,12.554449,6.2142224,-3.0199797,8.228316,-5.611306,-1.5522236,-5.2554684,9.190052,5.06104,10.992234,1.0824791,3.6907089,-1.1549433,4.416285,3.5479665,3.894955,-3.1152956,0.503009"
Fuzzy Logic,Pangaea,Fuzzy Logic / Still Flowing Water,2022-10-21,,Hessle Audio,/mnt/d/MIR_music/Hessle/Pangaea - Fuzzy Logic  Still Flowing Water [HES040]/01_Fuzzy Logic.mp3,89.10290948275862,"-65.74691,47.67855,13.895968,31.629002,9.727601,28.54862,12.037217,13.832969,2.2645996,6.6345773,-2.246891,7.484317,-0.12330903,6.8740525,3.3161857,5.72666,-1.068237,4.8218365,-2.9148548,-0.75620997"
Still Flowing Water,Pangaea,Fuzzy Logic / Still Flowing Water,2022-10-21,,Hessle Audio,/mnt/d/MIR_music/Hessle/Pangaea - Fuzzy Logic  Still Flowing Water [HES040]/02_Still Flowing Water.mp3,112.34714673913044,"-60.456886,74.01595,8.576267,19.596277,8.753271,17.479197,7.0075483,15.710595,6.003595,8.000559,-0.27319115,6.8846645,2.2834737,6.3877525,1.4355497,5.885577,0.26937717,3.901086,3.250042,5.578337"
Fuzzy Logic (Edit),Pangaea,Fuzzy Logic / Still Flowing Water,2022-10-21,,Hessle Audio,/mnt/d/MIR_music/Hessle/Pangaea - Fuzzy Logic  Still Flowing Water [HES040]/03_Fuzzy Logic (Edit).mp3,89.10290948275862,"-54.33697,48.48412,11.239949,29.44402,9.388742,27.888235,13.017981,14.2743635,0.8900254,4.46643,-3.395479,7.2166843,0.61767584,7.15629,2.5395033,4.747453,-1.5694914,5.1487837,-2.4496255,-0.6615789"
Still Flowing Water (Edit),Pangaea,Fuzzy Logic / Still Flowing Water,2022-10-21,,Hessle Audio,/mnt/d/MIR_music/Hessle/Pangaea - Fuzzy Logic  Still Flowing Water [HES040]/04_Still Flowing Water (Edit).mp3,112.34714673913044,"-53.140076,72.78819,5.7756886,18.851984,7.479473,15.380981,4.5004053,13.26584,3.89452,6.4732537,-1.3746244,5.731423,0.87934613,5.6020713,0.74098724,5.6818132,0.5035046,4.2527213,3.4492152,5.298721"
Like This (Full Mix),Pangaea,Like This,2020,Breakbeat / Bass,Hessle Audio,/mnt/d/MIR_music/Hessle/Pangaea - Like This (2020) [HES036]/01 - Like This (Full Mix).mp3,129.19921875,"-81.278046,62.68316,16.52391,30.775314,14.126038,19.641052,5.437442,14.392416,6.8673744,11.304215,5.0645695,8.714872,0.99928534,4.3732824,1.028058,3.5982869,1.8784225,4.6079736,-0.8527638,0.46413842"
Like This (Volt Mix),Pangaea,Like This,2020,Breakbeat / Bass,Hessle Audio,/mnt/d/MIR_music/Hessle/Pangaea - Like This (2020) [HES036]/02 - Like This (Volt Mix).mp3,89.10290948275862,"-110.45347,24.455769,13.684741,36.74407,19.798439,25.839676,9.6835785,16.674929,6.31201,12.361234,4.4758725,9.036856,4.3056426,6.658939,4.4852824,7.896465,2.733529,6.3439913,0.87613,3.673881"
Midnight Plane,Pangaea,Like This,2020,Breakbeat / Bass,Hessle Audio,/mnt/d/MIR_music/Hessle/Pangaea - Like This (2020) [HES036]/03 - Midnight Plane.mp3,135.99917763157896,"-106.4541,65.25314,46.47232,25.399769,17.180286,17.387362,5.41645,12.718865,4.34086,12.39387,0.38154247,7.5075293,1.2476012,6.9485145,4.1310253,5.193408,2.6499808,2.3336587,-0.26776585,3.384419"
Game,Pangaea,Release,,,Hessle Audio,/mnt/d/MIR_music/Hessle/Pangaea - Release 320 [HES023]/01 Game (Eqd) 44_16.mp3,135.99917763157896,"-61.680164,58.864925,14.513861,26.58904,3.0491312,9.703047,-1.9919261,7.6332808,-0.30526495,11.2174425,0.6502427,7.7022314,2.2436252,5.58728,1.3337973,7.1409597,2.0331233,3.2542624,2.016895,3.7197442"
Release,Pangaea,Release,,,Hessle Audio,/mnt/d/MIR_music/Hessle/Pangaea - Release 320 [HES023]/02 Release (Eqd) 44_16.mp3,135.99917763157896,"-156.85112,113.01723,-19.974276,6.5043397,8.509327,11.135652,-1.6531272,8.779365,1.133181,1.4170105,3.8611712,-0.40587416,6.7420535,3.764558,-3.7068982,4.569541,-1.8409159,4.985626,-2.4529667,-3.154869"
Trouble,Pangaea,Release,,,Hessle Audio,/mnt/d/MIR_music/Hessle/Pangaea - Release 320 [HES023]/03 Trouble (Eqd) 44_16.mp3,129.19921875,"-106.235985,87.4896,20.780529,41.980495,15.245797,13.9390335,-0.4614486,7.4316635,0.8731216,3.416707,-4.827041,3.5353842,-4.0096445,0.8086762,0.060989086,4.855886,-1.5516489,1.5631801,-1.4296355,3.0240242"
Majestic 12,Pangaea,Release,,,Hessle Audio,/mnt/d/MIR_music/Hessle/Pangaea - Release 320 [HES023]/04 Majestic 12 (Eqd) 44_16.mp3,69.83741554054055,"-93.02316,98.38106,19.089025,30.328905,8.461644,17.724985,9.5724325,10.939615,5.585362,3.1906502,0.45371938,2.2719455,-1.0778761,5.451451,4.519237,5.154036,2.189606,3.8142667,2.5161731,5.4601545"
Time Bomb,Pangaea,Release,,,Hessle Audio,/mnt/d/MIR_music/Hessle/Pangaea - Release 320 [HES023]/05 Time Bomb (Eqd) 44_16.mp3,89.10290948275862,"-78.1803,83.555756,10.508576,28.001572,5.325483,18.557549,-5.702767,11.580212,1.2602783,4.245307,-1.0249479,3.4819434,-1.7720878,2.9065278,-3.0072749,3.4715843,-0.96967655,6.2942085,2.2903411,4.726931"
Middleman,Pangaea,Release,,,Hessle Audio,/mnt/d/MIR_music/Hessle/Pangaea - Release 320 [HES023]/06 Middleman (Eqd) 44_16.mp3,66.25600961538461,"-135.92221,106.95599,3.4554908,27.100777,10.477527,24.19487,5.6707497,10.6123295,1.1188799,3.5099535,0.6661847,2.9232259,0.27092773,1.7398952,-0.62560433,-0.89877635,-2.8634067,-1.2567767,0.62976885,0.7441569"
Aware,Pangaea,Release,,,Hessle Audio,/mnt/d/MIR_music/Hessle/Pangaea - Release 320 [HES023]/07 Aware (Eqd) 44_16.mp3,135.99917763157896,"-138.375,126.67443,29.752861,31.408848,16.34773,10.919819,1.1528033,4.9859805,1.060988,3.4359374,-0.13184044,1.4595753,0.81785727,1.216259,-2.4514616,3.0013986,0.5227317,1.7244112,-2.0782108,1.3317862"
High,Pangaea,Release,,,Hessle Audio,/mnt/d/MIR_music/Hessle/Pangaea - Release 320 [HES023]/08 High (Eqd) 44_16.mp3,135.99917763157896,"-282.31946,145.96161,42.501987,40.22242,19.029057,28.844519,32.200935,24.722681,14.378359,9.384677,5.5139503,4.516165,7.947876,10.711737,2.584777,-1.751916,-1.2873837,-5.4517775,-6.3792577,0.69727045"
You & I (Original Mix),Pangaea,You & I / Router,2008-11-03,Dubstep,Hessle Audio,/mnt/d/MIR_music/Hessle/Pangaea - You and I Router [HES006]/pangaea-01-you_and_i_(original_mix)-ccat.mp3,135.99917763157896,"-232.5559,60.611496,32.61342,35.232605,24.333164,20.233229,5.0009336,13.105279,2.1273625,8.302072,3.3919911,9.982639,1.9991348,7.148531,0.65130335,5.466136,2.1437151,3.3568134,-2.51655,4.6113405"
Router (Original Mix),Pangaea,You & I / Router,2008-11-03,Dubstep,Hessle Audio,/mnt/d/MIR_music/Hessle/Pangaea - You and I Router [HES006]/pangaea-02-router_(original_mix)-ccat.mp3,135.99917763157896,"-207.71608,89.278046,14.768748,18.624517,5.6507053,10.14305,8.4994335,6.642727,4.5075936,5.4811573,0.6446623,2.2297256,5.654202,10.677282,0.09883106,1.3052064,-3.6071904,2.4369817,6.8036404,5.919981"
Coiled,Pangaea,[HES 002] Pangaea - Coiled / Nest / Deviant,2007,Dubstep,Hessle Audio,/mnt/d/MIR_music/Hessle/Pangaea - [HES002] Coiled  Nest  Deviant/01 Pangaea - Coiled.mp3,92.28515625,"-202.73622,110.72703,35.147755,21.543554,16.598433,22.088335,7.581227,7.1488914,2.4297407,3.8902946,2.6547835,5.331309,0.60729426,5.063946,1.3088497,1.9849117,1.7184817,2.7353451,-1.9530742,2.964309"
Nest,Pangaea,[HES 002] Pangaea - Coiled / Nest / Deviant,2007,Dubstep,Hessle Audio,/mnt/d/MIR_music/Hessle/Pangaea - [HES002] Coiled  Nest  Deviant/02 Pangaea - Nest.mp3,92.28515625,"-210.01854,110.0276,17.539354,2.1962142,-0.0066884058,3.5054176,2.9530914,4.3676276,1.0709903,3.2897704,2.9160385,9.050286,3.5248947,4.2364407,3.0906062,7.1887035,7.807525,7.499049,2.8090544,3.0743294"
Deviant,Pangaea,[HES 002] Pangaea - Coiled / Nest / Deviant,2007,Dubstep,Hessle Audio,/mnt/d/MIR_music/Hessle/Pangaea - [HES002] Coiled  Nest  Deviant/03 Pangaea - Deviant.mp3,135.99917763157896,"-224.30875,153.90248,25.096655,21.431263,22.151844,9.83861,7.0328298,9.324531,5.060566,8.988042,4.947425,0.46111414,-0.6361523,0.335562,-1.9265746,-2.5086844,1.0572889,1.190602,-0.3676482,1.282863"
Mutual Exchange,Pangaea,In Drum Play,2016,Electronic,Hessle Audio,/mnt/d/MIR_music/Hessle/Pangaea-In_Drum_Play-(HESLP003)-WEB-2016-MOHAWK/01-pangaea-mutual_exchange-582cb15b.mp3,103.359375,"-115.64673,119.17626,5.2894406,16.057602,-4.887508,3.882581,2.2682548,0.9008734,-3.902586,-1.9347303,-1.6831365,-2.0063787,-5.036366,0.48283073,-5.3997345,-2.1869006,-3.889046,-0.4712398,-2.7309012,0.73146784"
Rotor Soap,Pangaea,In Drum Play,2016,Electronic,Hessle Audio,/mnt/d/MIR_music/Hessle/Pangaea-In_Drum_Play-(HESLP003)-WEB-2016-MOHAWK/02-pangaea-rotor_soap-4a3cce47.mp3,129.19921875,"-72.45894,49.388832,10.85286,9.60912,0.50325584,18.269203,2.224977,13.35191,2.6830413,3.584395,2.567542,5.498126,0.86943483,3.2639725,-0.5920221,5.2745986,-1.7402303,6.3149776,4.6928916,7.37879"
Bulb in Zinc,Pangaea,In Drum Play,2016,Electronic,Hessle Audio,/mnt/d/MIR_music/Hessle/Pangaea-In_Drum_Play-(HESLP003)-WEB-2016-MOHAWK/03-pangaea-bulb_in_zinc-225ff5d2.mp3,99.38401442307692,"-139.9938,80.91924,3.4864204,17.424442,-0.7547547,8.848534,2.1114378,5.90551,0.2086181,2.730524,-1.9512438,1.1910231,-0.11635265,3.018324,-3.622158,2.790095,-1.6073426,1.661806,-0.8850896,0.23673838"
More Is More to Burn,Pangaea,In Drum Play,2016,Electronic,Hessle Audio,/mnt/d/MIR_music/Hessle/Pangaea-In_Drum_Play-(HESLP003)-WEB-2016-MOHAWK/04-pangaea-more_is_more_to_burn-8bd2a363.mp3,129.19921875,"-73.67713,82.039055,15.632227,23.66455,0.25763676,7.0646067,3.5843735,8.396876,1.7073718,2.7692678,4.3426194,5.1260505,-1.0802082,5.4229665,1.2375648,1.7681757,-0.7840993,4.027144,-1.5416199,2.5824714"
Scaled Wing,Pangaea,In Drum Play,2016,Electronic,Hessle Audio,/mnt/d/MIR_music/Hessle/Pangaea-In_Drum_Play-(HESLP003)-WEB-2016-MOHAWK/05-pangaea-scaled_wing-68d6cc02.mp3,112.34714673913044,"-286.129,134.00383,10.661545,14.200263,3.7839622,11.217506,3.6313367,2.2582583,-0.9165192,0.9229405,-0.42928326,-0.9486626,-1.0358644,2.1932209,0.9625768,-0.24822198,-1.1937394,0.08915671,0.28461015,-0.25541615"
One by One,Pangaea,In Drum Play,2016,Electronic,Hessle Audio,/mnt/d/MIR_music/Hessle/Pangaea-In_Drum_Play-(HESLP003)-WEB-2016-MOHAWK/06-pangaea-one_by_one-ff7b952e.mp3,129.19921875,"-59.783993,76.314995,18.195751,27.98464,8.236632,19.135153,3.9452987,5.377023,2.025548,3.9248865,-1.5283183,1.2427974,0.75577945,4.4549866,4.3307567,2.1695287,3.1107473,4.360433,0.9096552,3.6098545"
Lofty Can,Pangaea,In Drum Play,2016,Electronic,Hessle Audio,/mnt/d/MIR_music/Hessle/Pangaea-In_Drum_Play-(HESLP003)-WEB-2016-MOHAWK/07-pangaea-lofty_can-3a324ef1.mp3,123.046875,"-59.149437,74.794525,10.565749,29.044212,-12.600286,7.7379804,8.367617,2.0649867,-5.49669,6.7264957,-5.5248604,0.97174126,-5.7877674,5.057061,-0.9967631,8.065841,-0.22049518,5.5374975,-2.9839394,3.8375113"
Send It In,Pangaea,In Drum Play,2016,Electronic,Hessle Audio,/mnt/d/MIR_music/Hessle/Pangaea-In_Drum_Play-(HESLP003)-WEB-2016-MOHAWK/08-pangaea-send_it_in-8d2ecf6b.mp3,57.421875,"-88.39671,99.830246,3.9718924,10.765689,3.4463127,11.758713,-8.148602,3.7767847,0.59884626,1.0302196,-1.9511805,5.369942,1.8077743,2.5868108,-1.5812253,6.52363,0.5690328,5.886138,0.073287,2.6166236"
Skips Desk,Pangaea,In Drum Play,2016,Electronic,Hessle Audio,/mnt/d/MIR_music/Hessle/Pangaea-In_Drum_Play-(HESLP003)-WEB-2016-MOHAWK/09-pangaea-skips_desk-975f620d.mp3,172.265625,"-124.70926,111.15165,19.078823,24.255533,10.218332,15.214843,5.0118694,10.105487,-1.1536078,3.2011433,0.51734614,4.099116,-0.8851567,3.7664092,0.36114827,4.057682,1.8383123,4.6816635,0.9552235,3.0160975"
DNS,Pangaea,In Drum Play,2016,Electronic,Hessle Audio,/mnt/d/MIR_music/Hessle/Pangaea-In_Drum_Play-(HESLP003)-WEB-2016-MOHAWK/10-pangaea-dns-a09290f1.mp3,143.5546875,"-161.82211,90.76054,23.775051,31.441092,17.695078,19.031881,12.301858,19.294382,9.586807,13.032957,7.2913895,7.821095,3.5895967,6.042301,-0.5266178,2.4848351,-1.9626554,3.1936457,0.2152681,3.9648988"
Alien Mode,Pearson Sound,Alien Mode,2020,Breakbeat / Bass,Hessle Audio,/mnt/d/MIR_music/Hessle/Pearson Sound - Alien Mode (2020) [HES037]/01 - Alien Mode.mp3,135.99917763157896,"-92.972305,62.565563,22.558702,31.800556,3.3555815,20.12574,8.807498,6.5500813,2.8221176,6.8720374,4.1794505,3.75209,-2.0726209,1.4855106,-3.5119264,4.9739413,2.5820024,1.754571,-3.3196492,2.0625806"
Cobwebs,Pearson Sound,Alien Mode,2020,Breakbeat / Bass,Hessle Audio,/mnt/d/MIR_music/Hessle/Pearson Sound - Alien Mode (2020) [HES037]/02 - Cobwebs.mp3,103.359375,"-126.22709,53.158752,22.212461,27.543028,1.959264,14.243055,11.834373,15.172151,-1.676838,1.5665736,-3.3818605,3.9072342,5.360269,12.642994,1.6574913,2.592489,-5.3279967,-4.739261,-2.2622166,3.8838286"
Everything Is Inside Out,Pearson Sound,Alien Mode,2020,Breakbeat / Bass,Hessle Audio,/mnt/d/MIR_music/Hessle/Pearson Sound - Alien Mode (2020) [HES037]/03 - Everything Is Inside Out.mp3,161.4990234375,"-174.39197,102.99582,27.570074,36.152813,25.754566,22.063707,11.038789,8.202288,3.3588316,8.5889635,0.50689965,1.7539179,-3.405581,1.2055188,-3.86108,-1.2937634,-5.1226826,-5.7482247,-8.101101,-0.2512379"
Clutch,Pearson Sound,Clutch / Underdog / Piston,2012,Other,Hessle Audio,/mnt/d/MIR_music/Hessle/Pearson Sound - Clutch  Underdog  Piston [HES022]/01_Clutch.mp3,123.046875,"-178.85014,26.064238,22.362707,16.017872,-5.8081665,14.673245,-2.5104218,14.610019,3.0789838,5.870634,0.7963101,2.6225026,-0.9527076,6.7423525,1.7225964,4.841178,2.487535,1.8172787,-0.24319895,4.0804086"
Underdog,Pearson Sound,Clutch / Underdog / Piston,2012,Other,Hessle Audio,/mnt/d/MIR_music/Hessle/Pearson Sound - Clutch  Underdog  Piston [HES022]/02_Underdog.mp3,129.19921875,"-242.18251,62.750896,4.890839,20.98834,8.5457,20.663666,15.734809,5.899125,-1.3916091,-0.52495486,5.765774,8.285028,-0.42545742,-1.1886998,-1.9724201,-1.3526714,-2.044554,0.27251545,-0.15822431,2.1899807"
Piston,Pearson Sound,Clutch / Underdog / Piston,2012,Other,Hessle Audio,/mnt/d/MIR_music/Hessle/Pearson Sound - Clutch  Underdog  Piston [HES022]/03_Piston.mp3,89.10290948275862,"-199.38759,33.05103,14.755089,16.473671,-13.196228,13.12835,-16.097342,8.305219,-5.0750175,-5.356654,-1.9612935,-5.378524,-7.985644,0.721711,-10.177562,-2.0546498,-13.647399,-2.2471428,-6.9927497,-6.8862243"
Red Sky,Pearson Sound,Red Sky,2022,,Hessle Audio,/mnt/d/MIR_music/Hessle/Pearson Sound - Red Sky EP [2022] [EP]/01 - Red Sky.mp3,135.99917763157896,"-144.20854,71.09112,25.306356,37.599026,20.357597,20.832603,13.201492,17.069754,10.968259,8.839643,2.4979715,5.958133,-0.44471514,2.6806262,1.1655445,3.9872944,1.1904202,4.615106,-0.5551265,3.4253924"
Sinkhole,Pearson Sound,Red Sky,2022,,Hessle Audio,/mnt/d/MIR_music/Hessle/Pearson Sound - Red Sky EP [2022] [EP]/02 - Sinkhole.mp3,129.19921875,"-158.02542,70.20513,19.818434,30.341625,22.105015,19.180017,12.0363865,19.536232,12.236854,15.655575,5.950213,4.1107717,-0.9486786,5.3203073,4.3779726,4.3726697,0.69793373,2.585454,0.29098055,-0.32834136"
Freefall,Pearson Sound,Red Sky,2022,,Hessle Audio,/mnt/d/MIR_music/Hessle/Pearson Sound - Red Sky EP [2022] [EP]/03 - Freefall.mp3,129.19921875,"-230.57858,101.03542,34.012802,33.64192,17.06907,9.031396,3.7873254,5.0056233,-0.7515662,3.2280903,-3.3607848,4.0192943,0.32117322,0.9956982,-0.2354273,-0.029046431,-2.6741905,0.6460651,1.1649331,6.488592"
Around In Circles,Pearson Sound,Red Sky,2022,,Hessle Audio,/mnt/d/MIR_music/Hessle/Pearson Sound - Red Sky EP [2022] [EP]/04 - Around In Circles.mp3,161.4990234375,"-231.55026,132.45955,41.08088,13.5268135,13.5351925,15.970286,5.972808,15.113177,6.3732743,8.214365,4.335921,3.4020255,2.854958,3.1629102,-1.6434436,3.8275676,-2.809932,2.8616889,-4.333633,8.21248"
Lola,Pearson Sound,Starburst,2013,,Hessle Audio,/mnt/d/MIR_music/Hessle/Pearson Sound - Starburst [HES026]/01 Lola.mp3,117.45383522727273,"-193.27092,74.7677,35.582146,28.56836,15.625515,14.332056,3.4779537,17.8507,7.429,7.5930114,2.0996444,6.142466,-0.6242235,6.3169084,-0.764796,4.464478,-1.7220176,2.536301,0.3242488,1.9039925"
Power Drumsss,Pearson Sound,Starburst,2013,,Hessle Audio,/mnt/d/MIR_music/Hessle/Pearson Sound - Starburst [HES026]/02 Power Drumsss.mp3,83.35433467741936,"-135.17741,33.012222,19.016985,20.278765,2.3825574,17.71803,3.0644538,7.223754,-1.251242,5.3137846,-2.3751144,3.7067866,-2.3784146,2.7177076,0.3136024,2.2924383,-3.1243663,1.3184468,-0.6027553,4.710366"
Starburst,Pearson Sound,Starburst,2013,,Hessle Audio,/mnt/d/MIR_music/Hessle/Pearson Sound - Starburst [HES026]/03 Starburst.mp3,129.19921875,"-88.00336,70.17279,-6.987461,10.886513,-2.6096737,8.318719,-3.2135174,3.9151838,-0.5306147,4.0999846,-3.091095,1.4092953,-1.7309203,0.12909742,-5.1316547,1.8514504,0.020026475,4.0924106,-3.4309132,-1.8865194"
Raw Code,Pev & Kowton,HES024,2013,,Hessle Audio,/mnt/d/MIR_music/Hessle/Pev & Kowton - Raw Code HES024 (2013) [320]/01 Raw Code.mp3,161.4990234375,"-134.06424,74.65305,-2.814489,19.665195,12.934394,8.028898,-0.79840934,9.296982,0.98514485,5.7395205,0.57427466,7.3467693,1.3314191,6.5667386,4.726161,5.807256,1.6132193,4.455834,2.4802976,5.1580687"
Junked,Pev & Kowton,HES024,2013,,Hessle Audio,/mnt/d/MIR_music/Hessle/Pev & Kowton - Raw Code HES024 (2013) [320]/02 Junked.mp3,151.99908088235293,"-227.1728,83.64365,-3.6098971,32.26699,25.26541,25.377655,19.954062,18.488548,8.071243,15.672228,14.188605,11.616974,6.343452,8.297256,3.3649678,6.642255,5.2875586,4.9374657,2.8214166,8.361466"
Dance Til the Police Come,Peverelist,Dance Til the Police Come,2011-04-04,,Hessle Audio 2011,/mnt/d/MIR_music/Hessle/Peverelist - Dance Til the Police Come [HES018]/01 - Dance Til the Police Come.mp3,107.666015625,"-75.183464,47.179028,14.676902,17.020891,12.936469,14.419552,6.7325325,8.550967,3.2053516,18.727781,4.2952013,14.3279705,2.0120049,6.814657,3.875116,7.092518,0.49553114,2.3322933,-5.2658625,1.7973865"
Fundamentals,Peverelist,Dance Til the Police Come,2011-04-04,,Hessle Audio 2011,/mnt/d/MIR_music/Hessle/Peverelist - Dance Til the Police Come [HES018]/02 - Fundamentals.mp3,135.99917763157896,"-106.63065,66.96622,13.287832,1.8197758,-10.1907625,7.8290267,-7.253585,11.386334,3.715001,10.81573,3.521866,8.78257,1.563987,3.8486302,0.1427121,4.8871355,-3.4399798,3.7347875,3.976972,14.510332"
Sala One Five,Ploy,Sala One Five,2016,Techno,Hessle Audio,/mnt/d/MIR_music/Hessle/Ploy - Sala One Five [HES028]/01 Sala One Five.mp3,129.19921875,"-53.063248,30.448875,23.568737,25.726492,7.9408226,25.148994,9.074734,6.7323856,-0.76124036,4.943075,-3.3976376,7.723563,4.625477,10.541536,13.233084,17.318283,5.668421,1.1342021,-6.440944,3.6213124"
Move Yourself,Ploy,Sala One Five,2016,Techno,Hessle Audio,/mnt/d/MIR_music/Hessle/Ploy - Sala One Five [HES028]/02 Move Yourself.mp3,123.046875,"-88.325554,110.72345,-10.572613,10.387924,7.0437694,17.83515,1.7367454,7.476108,5.3425646,2.1276915,-5.7826996,3.073107,4.776925,1.4124099,0.65415055,1.3249657,-1.073366,0.5241997,-5.652546,-0.21325737"
Helix,Ploy,Sala One Five,2016,Techno,Hessle Audio,/mnt/d/MIR_music/Hessle/Ploy - Sala One Five [HES028]/03 Helix.mp3,89.10290948275862,"-114.994194,109.20823,1.7401006,43.64676,7.008569,19.953758,-2.8932078,11.942288,-8.071884,3.8597343,-14.097309,-0.53632003,-6.9875565,4.582928,-8.209297,-0.7171011,3.383121,7.615217,-2.5970852,3.6477113"
I Beg You,Ramadanman,Ramadanman EP,2010-04-05,,Hessle Audio,/mnt/d/MIR_music/Hessle/Ramadanman - (2010-04-05) Ramadanman EP [HES012] [MP3 320 44]/01 - I Beg You.mp3,135.99917763157896,"-197.17247,82.931496,8.945046,22.903988,-4.0337067,13.717537,2.0897849,5.6257176,1.6605042,5.71041,-0.25019127,3.7784548,3.7796807,3.9357412,1.2256058,1.4046005,1.3721019,1.8309375,2.6200097,3.7663894"
No Swing,Ramadanman,Ramadanman EP,2010-04-05,,Hessle Audio,/mnt/d/MIR_music/Hessle/Ramadanman - (2010-04-05) Ramadanman EP [HES012] [MP3 320 44]/02 - No Swing.mp3,135.99917763157896,"-162.2248,96.1168,-5.712533,19.357037,-0.4175339,13.271409,3.4608097,8.755582,0.3685121,3.0352745,-2.7514198,4.5444875,0.12905343,4.956295,-0.9054691,3.7292519,3.1909556,3.9406807,-2.1332414,0.4072832"
Tumble,Ramadanman,Ramadanman EP,2010-04-05,,Hessle Audio,/mnt/d/MIR_music/Hessle/Ramadanman - (2010-04-05) Ramadanman EP [HES012] [MP3 320 44]/03 - Tumble.mp3,92.28515625,"-221.91107,47.30914,-7.949918,4.464418,0.28842878,9.350206,-8.693811,3.013009,-3.6299782,-0.024702126,-2.4573185,3.2073693,2.9987793,0.5508269,0.53644097,3.8975399,-2.197539,3.2976327,-0.26303276,5.8845167"
A Couple More Years,Ramadanman,Ramadanman EP,2010-04-05,,Hessle Audio,/mnt/d/MIR_music/Hessle/Ramadanman - (2010-04-05) Ramadanman EP [HES012] [MP3 320 44]/04 - A Couple More Years.mp3,135.99917763157896,"-194.85289,51.87991,15.016412,17.498245,3.165954,8.751662,-3.177976,7.3573933,2.918023,3.950964,4.706282,3.1380641,2.9332278,4.7082124,5.768347,7.9793735,-3.5340104,3.4168968,2.3860955,4.5082946"
Bleeper,Ramadanman,Ramadanman EP,2010-04-05,,Hessle Audio,/mnt/d/MIR_music/Hessle/Ramadanman - (2010-04-05) Ramadanman EP [HES012] [MP3 320 44]/05 - Bleeper.mp3,92.28515625,"-235.79015,78.63282,-8.911287,20.361717,6.658073,8.593792,4.507676,5.6038046,3.31961,4.1692514,1.1397736,3.855398,1.1305708,3.6147199,-0.11520877,2.2782435,0.55451494,2.5335557,1.6037811,2.7179916"
Don't Change for Me,Ramadanman,Ramadanman EP,2010-04-05,,Hessle Audio,/mnt/d/MIR_music/Hessle/Ramadanman - (2010-04-05) Ramadanman EP [HES012] [MP3 320 44]/06 - Don't Change for Me.mp3,92.28515625,"-124.29709,58.217308,6.0163755,15.313716,-4.684773,1.4279401,-1.1978811,0.3564108,-6.8938575,1.029764,-7.654112,1.7975647,-9.81397,-0.27573615,-8.559725,1.2360376,-3.8681748,1.671029,-4.5445895,2.0361943"
Cutie,Shanti Celeste,Cutie / Shimmer,2022-10-14,,Hessle Audio,/mnt/d/MIR_music/Hessle/Shanti Celeste - Cutie  Shimmer [HES041]/01_Cutie.mp3,143.5546875,"-162.95529,87.55966,20.936102,18.608767,7.0646267,16.379145,12.808643,11.419434,5.165205,8.125466,-1.5194819,4.366359,0.99588215,3.5648775,-0.6943048,1.5237335,1.0972972,5.0736456,3.6697357,4.347575"
Shimmer,Shanti Celeste,Cutie / Shimmer,2022-10-14,,Hessle Audio,/mnt/d/MIR_music/Hessle/Shanti Celeste - Cutie  Shimmer [HES041]/02_Shimmer.mp3,135.99917763157896,"-136.15105,65.25252,23.932114,26.208155,11.194671,18.99938,4.232395,8.986162,4.6807585,7.8536544,1.8371822,1.7373937,-1.0322222,6.4845257,-2.0067894,3.1197183,0.8705244,4.198668,-1.7612448,0.21932521"
Shimmer (Central Remix),Shanti Celeste,Cutie / Shimmer,2022-10-14,,Hessle Audio,/mnt/d/MIR_music/Hessle/Shanti Celeste - Cutie  Shimmer [HES041]/03_Shimmer (Central Remix).mp3,66.25600961538461,"-64.77453,66.15667,9.912725,16.70204,6.8951583,16.631374,3.8607874,8.788546,0.7531602,7.970017,-1.5602115,-0.4464709,-0.41074172,5.2059975,1.6496468,4.9496894,1.3369044,1.3908802,-3.2738702,0.9872534"
Cutie (Edit),Shanti Celeste,Cutie / Shimmer,2022-10-14,,Hessle Audio,/mnt/d/MIR_music/Hessle/Shanti Celeste - Cutie  Shimmer [HES041]/04_Cutie (Edit).mp3,143.5546875,"-159.98076,89.512794,17.487795,14.284268,3.6568778,15.2894335,12.704132,11.361306,5.2967644,8.056679,-2.0883336,3.5822144,0.51609373,3.194821,-0.8882537,1.0545098,0.3605399,5.1446433,4.524686,4.2803206"
Red Cotton,Shelley Parker,Red Cotton,2018,,Hessle Audio,/mnt/d/MIR_music/Hessle/Shelley Parker - Red Cotton (2018) [HES035]/01 Red Cotton.mp3,69.83741554054055,"-113.94693,63.23826,19.96198,21.566914,18.652132,15.018114,8.673295,18.54984,7.3325768,11.972126,3.8851147,11.202314,2.3088753,3.2647502,4.5817175,6.655102,0.43967268,3.2961383,1.7887819,2.496825"
Angel Oak,Shelley Parker,Red Cotton,2018,,Hessle Audio,/mnt/d/MIR_music/Hessle/Shelley Parker - Red Cotton (2018) [HES035]/02 Angel Oak.mp3,135.99917763157896,"-120.3754,58.804577,21.320137,14.926052,0.96205,17.926931,-0.68231976,13.870844,5.1066546,12.621032,4.2090063,5.023462,1.6831456,7.355775,1.8805546,4.9477057,0.20319559,5.2395525,0.82695246,1.5398178"
Angel Oak (Ploy Remix),Shelley Parker,Red Cotton,2018,,Hessle Audio,/mnt/d/MIR_music/Hessle/Shelley Parker - Red Cotton (2018) [HES035]/03 Angel Oak (Ploy Remix).mp3,129.19921875,"-104.77472,61.397194,5.9647355,2.032666,22.18069,11.120056,8.474065,17.18504,4.155061,13.363636,6.2837625,6.704882,4.2741942,10.8528595,5.7792525,7.3081417,1.631827,7.8083324,1.804874,5.622131"
Masonry Pier,Shelley Parker,Red Cotton,2018,,Hessle Audio,/mnt/d/MIR_music/Hessle/Shelley Parker - Red Cotton (2018) [HES035]/04 Masonry Pier.mp3,64.599609375,"-127.92481,65.9567,8.04748,7.967948,5.619871,14.173225,6.907047,12.958934,1.109032,8.494152,-1.3060668,5.83561,-0.7188009,4.973774,-3.135052,5.2331147,-3.8280535,2.806576,-4.276973,0.90170836"
Istibtan,Toumba,Petals,2023,,Hessle Audio,/mnt/d/MIR_music/Hessle/Toumba - Petals [HES043]/01 Istibtan.mp3,129.19921875,"-133.04124,57.02927,34.09475,24.63297,7.9854226,16.618431,2.0896025,6.0295973,-2.9387784,3.951551,-0.20552288,1.7602835,-2.2854538,2.4243956,-0.8584009,4.9386015,-5.1235857,-2.3287265,-4.3848195,2.2248464"
Petals,Toumba,Petals,2023,,Hessle Audio,/mnt/d/MIR_music/Hessle/Toumba - Petals [HES043]/02 Petals.mp3,143.5546875,"-162.65288,59.83782,21.269024,32.17211,21.18162,24.610313,16.91364,16.316963,7.827953,11.183676,3.9015882,9.15715,5.4913397,9.831482,3.3047864,5.4800143,5.407266,7.5504537,4.695723,7.7900715"
Hazzeh,Toumba,Petals,2023,,Hessle Audio,/mnt/d/MIR_music/Hessle/Toumba - Petals [HES043]/03 Hazzeh.mp3,135.99917763157896,"-142.45772,73.39017,28.685759,31.965815,18.901052,21.149542,14.228208,14.299524,5.5031476,4.8792706,1.2029783,4.720886,0.43442363,3.7641783,-1.2905301,1.4860013,-0.30891243,4.586803,3.9314933,7.863471"
Identity Crisis,Toumba,Petals,2023,,Hessle Audio,/mnt/d/MIR_music/Hessle/Toumba - Petals [HES043]/04 Identity Crisis.mp3,135.99917763157896,"-238.19913,116.33389,58.427418,34.139618,20.007576,16.027525,12.968398,9.95525,5.585586,9.243209,4.665323,7.6018014,3.3982298,5.188966,3.3899655,4.9106903,1.6779829,3.0947618,1.8086663,6.0003643"
Put You Down,TRG,Put You Down / Broken Heart Vinyl,,Dubstep,Hessle Audio,/mnt/d/MIR_music/Hessle/TRG - Put You Down - Broken Heart [HES001]/01 TRG - Put You Down.mp3,135.99917763157896,"-122.75211,90.36405,9.240933,28.43295,7.3249383,12.3990755,-5.0344896,4.2387247,1.772784,5.225248,-1.0922072,5.1597166,4.1062427,5.8528085,-0.2654502,5.6655755,2.4478009,4.4329166,2.19676,9.119465"
Broken Heart,TRG,Put You Down / Broken Heart Vinyl,,Dubstep,Hessle Audio,/mnt/d/MIR_music/Hessle/TRG - Put You Down - Broken Heart [HES001]/02 TRG - Broken Heart.mp3,135.99917763157896,"-173.06816,114.07017,12.553633,31.325241,-0.8812511,11.412791,6.9518485,11.84942,0.15992072,5.244087,6.5682683,5.573026,2.5500503,6.940634,3.0485697,4.321211,1.336788,1.4539869,0.2594696,3.4305708"
I Can't Stop This Feeling,Untold,I Can't Stop This Feeling / Anaconda,2009,Dubstep,Hessle Audio,/mnt/d/MIR_music/Hessle/Untold - I Can't Stop This Feeling & Anaconda [HES008] (2009)/01 I Can't Stop This Feeling.mp3,135.99917763157896,"-182.76721,70.5355,5.9969687,23.943686,7.342195,20.865164,7.0818453,14.431412,10.9903755,12.710602,2.5838454,10.689565,3.1562304,6.4294405,7.047374,7.8749185,-0.48913562,2.6883297,0.81286156,5.145218"
Anaconda,Untold,I Can't Stop This Feeling / Anaconda,2009,Dubstep,Hessle Audio,/mnt/d/MIR_music/Hessle/Untold - I Can't Stop This Feeling & Anaconda [HES008] (2009)/02 Anaconda.mp3,143.5546875,"-198.29298,111.472,-1.3959832,20.186378,5.0259304,8.766182,-0.85741794,7.0889406,5.6042066,6.230532,3.1106806,3.324624,-0.49326375,3.211732,3.0421667,3.662758,-1.9522501,-0.48477235,0.4611636,4.619002"
Kingdom,Untold,Kingdom WEB,2008,Bass,Hessle Audio,/mnt/d/MIR_music/Hessle/Untold - Kingdom [HES003] (2008) [320]/01-untold-kingdom.mp3,143.5546875,"-249.32733,84.28188,28.744173,40.633293,18.264927,24.52402,10.689742,10.657756,6.49998,10.750182,6.691727,6.7209997,4.8297553,5.454512,4.3277807,4.1163054,2.22022,3.7954755,1.7509692,2.207843"
Purify,Untold,Kingdom WEB,2008,Bass,Hessle Audio,/mnt/d/MIR_music/Hessle/Untold - Kingdom [HES003] (2008) [320]/02-untold-purify.mp3,135.99917763157896,"-146.35472,97.41978,0.9582913,25.337963,9.3221655,13.803407,4.556924,10.359867,4.0349903,5.798713,4.6502748,5.2128067,2.334768,5.7617397,-0.29040754,1.7010545,0.48055544,0.77258795,-1.1764073,0.0047222883"
Test Signal,Untold,Kingdom WEB,2008,Bass,Hessle Audio,/mnt/d/MIR_music/Hessle/Untold - Kingdom [HES003] (2008) [320]/03-untold-test_signal.mp3,95.703125,"-191.43013,87.493675,-20.685673,25.123322,13.373377,14.139585,4.3078256,9.981157,8.623648,5.278614,3.37914,3.8087611,-2.9707832,-3.7245736,-1.874896,3.5482643,-1.2354668,-3.6114256,-3.7304068,-0.25896102"
Blimey,Ramadanman,Blimey / Drowning (Version) / Tak,2008,Bass,Hessle Audio,/mnt/d/MIR_music/Hessle/[HES005] Ramadanman - Blimey & Drowning & Tak (2008)/01. Ramadanman - Blimey.mp3,92.28515625,"-292.2705,66.844986,25.204039,20.452747,10.801562,9.431367,4.2714663,6.587803,-2.1074493,1.6185733,-0.6132787,4.3011303,-1.0387182,0.39201406,-2.8090932,-0.73405176,-2.9819582,-0.13050914,-4.6116233,-2.1665246"
Drowning (Version),Ramadanman,Blimey / Drowning (Version) / Tak,2008,Bass,Hessle Audio,/mnt/d/MIR_music/Hessle/[HES005] Ramadanman - Blimey & Drowning & Tak (2008)/02. Ramadanman - Drowning (Version).mp3,135.99917763157896,"-277.47144,71.827866,17.31492,31.329475,20.426302,11.369756,9.4448805,15.813506,6.051929,2.466254,5.906756,13.653165,12.458784,10.966186,6.095545,3.5586436,-1.0141366,1.9747988,1.3853592,0.010085558"
Tak,Ramadanman,Blimey / Drowning (Version) / Tak,2008,Bass,Hessle Audio,/mnt/d/MIR_music/Hessle/[HES005] Ramadanman - Blimey & Drowning & Tak (2008)/03. Ramadanman - Tak.mp3,143.5546875,"-294.0139,115.50814,35.07146,23.279959,8.126284,3.5837708,2.7782283,4.030467,2.2859485,1.2198044,-0.15854184,1.045009,-1.1925559,0.79448205,0.510034,2.1381238,2.0643692,4.238139,2.7106457,1.5057058"
PLSN,Pearson Sound,PLSN / WAD,2009,Bass,Hessle Audio,/mnt/d/MIR_music/Hessle/[HES009] Pearson Sound - PLSN & WAD (2009)/01. Pearson Sound - PLSN.mp3,92.28515625,"-180.14287,100.86713,-12.185777,24.809563,-8.426967,9.60177,4.188932,11.916346,7.425446,7.4197316,0.2510643,2.0468214,-1.0271103,2.579478,-3.5636313,-1.1083263,-0.9484316,1.1570308,-1.2858847,-1.9259561"
WAD,Pearson Sound,PLSN / WAD,2009,Bass,Hessle Audio,/mnt/d/MIR_music/Hessle/[HES009] Pearson Sound - PLSN & WAD (2009)/02. Pearson Sound - WAD.mp3,129.19921875,"-168.10301,82.64879,3.5205476,26.915686,-6.4665756,5.439233,-4.392622,9.917388,1.1112843,9.075102,4.515974,7.0370917,1.6193972,-0.57004404,-3.247477,-3.6367788,-5.523378,1.2034525,4.209561,3.662079"
Cactus,Objekt,Cactus / Porcupine,2012,Bass Music,Hessle Audio,/mnt/d/MIR_music/Hessle/[HES019] Objekt - Cactus & Porcupine (320)/1. Cactus.mp3,123.046875,"-183.1071,62.463123,11.349875,25.319138,15.472696,20.04585,10.229841,14.502181,3.3305461,8.4487,1.9342091,3.9163246,0.7764299,3.8827307,2.1150026,3.8503964,-0.15585265,3.5165932,-1.0936128,2.1651998"
Porcupine,Objekt,Cactus / Porcupine,2012,Bass Music,Hessle Audio,/mnt/d/MIR_music/Hessle/[HES019] Objekt - Cactus & Porcupine (320)/2. Porcupine.mp3,129.19921875,"-100.72438,83.66325,-10.125926,13.81224,7.091605,11.971109,-3.593794,3.521933,-0.2315685,2.7166765,-6.978989,-2.0686212,-2.857872,-0.6541724,-4.7380996,-2.0704734,-4.402183,-0.57881194,-6.7593546,-2.2169235"
